01001,75326,38.2
01003,80986,43
01005,47068,40.4
01007,60182,40.9
01009,65639,40.7
01011,48571,40.2
01013,55971,40.8
01015,63417,39.6
01017,53505,42
01019,57617,46.5
01021,62784,38.7
01023,52395,46.3
01025,54687,42.5
01027,57585,43.3
01029,57990,43.1
01031,70079,39.3
01033,60904,42.4
01035,47286,44.8
01037,56017,48.4
01039,57075,43.3
01041,61468,41.7
01043,59909,40.8
01045,61001,37.3
01047,47753,39.6
01049,56390,39.5
01051,78370,38.7
01053,50242,40
01055,60379,41.4
01057,53897,43.7
01059,56907,38.6
01061,53077,43.2
01063,36431,40.9
01065,51992,40.5
01067,62696,44.4
01069,67855,40.1
01071,54808,43.1
01073,78812,37.7
01075,54252,44.8
01077,65763,41
01079,58315,42.4
01081,71547,31.9
01083,77275,39.7
01085,47139,42
01087,50091,38.6
01089,88291,38.5
01091,54556,42.2
01093,50367,44.3
01095,63834,38.8
01097,64948,37.9
01099,48659,43.3
01101,70975,36.4
01103,68318,40.6
01105,35819,36.9
01107,56370,42.2
01109,57838,31.2
01111,58836,43.4
01113,55932,36.3
01115,70326,40.3
01117,100262,39.3
01119,38978,35.6
01121,57269,41.3
01123,60734,44.7
01125,71528,33
01127,59159,42.1
01129,60489,43.7
01131,42500,40.5
01133,53167,45.2
02013,79535,42.5
02016,101964,38.6
02020,109988,33.6
02050,70804,27.3
02060,96032,42.9
02068,85694,42.1
02070,72576,30.2
02090,96615,31.3
02100,72356,44.7
02105,76767,49.6
02110,107328,38.1
02122,85348,40.8
02130,92764,39.7
02150,94946,33.9
02158,47654,24.1
02164,58583,34.8
02170,92246,35.2
02180,76581,28.3
02185,94169,35.2
02188,79967,27.8
02195,92572,42.8
02198,66387,41.3
02220,90196,39.5
02230,82263,40.4
02240,80810,36.8
02261,96106,38.1
02275,71889,49.4
02282,76895,36.9
02290,53438,35.2
04001,44477,35
04003,64446,41.1
04005,77638,30.7
04007,58074,50.2
04009,60143,33.6
04011,74470,34.5
04012,48900,56.5
04013,89019,36.4
04015,60395,51.6
04017,54678,37.3
04019,73554,38.5
04021,71325,39.3
04023,61551,36.7
04025,68419,53.4
04027,59526,34.6
05001,61946,40.7
05003,59845,41.7
05005,59206,52.2
05007,92398,35.4
05009,60651,42.3
05011,56779,40.6
05013,58285,44.5
05015,62300,45
05017,50528,43.3
05019,54473,33.7
05021,50617,42.8
05023,61420,49.4
05025,59231,42.9
05027,54263,35.7
05029,61828,42.5
05031,67880,34.2
05033,62144,38.6
05035,57972,35.2
05037,63421,40.9
05039,45536,43.9
05041,45429,40.1
05043,64337,37.4
05045,70726,32.8
05047,50816,41.2
05049,47206,48.4
05051,63652,45
05053,71564,41
05055,60189,38
05057,55612,40.4
05059,56264,41.3
05061,57580,39.2
05063,60581,39.3
05065,54216,47.9
05067,53156,39.7
05069,54417,38.7
05071,52147,38.4
05073,60652,47
05075,53357,40.8
05077,45765,42.5
05079,58167,39
05081,59109,42.9
05083,52925,42
05085,72425,36.2
05087,61176,42.7
05089,48180,52.2
05091,59733,39.5
05093,56558,36.6
05095,49632,47.3
05097,49849,50.4
05099,45948,44.3
05101,47594,49
05103,50129,43
05105,61422,43.7
05107,44558,38.9
05109,56352,43.1
05111,51257,40.1
05113,55295,43.9
05115,61268,35.3
05117,57282,47.2
05119,78246,37.2
05121,54318,41.1
05123,48443,38.8
05125,78299,39.6
05127,46067,40.7
05129,48048,47.9
05131,63505,37.6
05133,63163,35.3
05135,48262,47.6
05137,49809,50.1
05139,61326,40.3
05141,51898,48
05143,72327,32
05145,61393,36.9
05147,51320,45.5
05149,59191,40.3
06001,130710,37.6
06003,97724,52.2
06005,81659,50.5
06007,75746,37.1
06009,84039,52
06011,77196,35.3
06013,135742,39.7
06015,63515,39.5
06017,110041,45.9
06019,74776,32.2
06021,62706,36.4
06023,68313,38.4
06025,64355,32.4
06027,71376,45.8
06029,73478,31.6
06031,72812,31.8
06033,66591,45.6
06035,71713,36.6
06037,99133,36.5
06039,74861,34.1
06041,176019,46.8
06043,61727,51.7
06045,70648,43.1
06047,74379,31.1
06049,53699,47.8
06051,84427,37.7
06053,97451,34.4
06055,123451,41.3
06057,91634,50.5
06059,122488,38.1
06061,115043,42
06063,77027,52.3
06065,88875,35.6
06067,88883,36.2
06069,106604,35.7
06071,81382,33.3
06073,106600,35.8
06075,160396,38.2
06077,86090,34.3
06079,96196,39.2
06081,174055,39.7
06083,106421,33.8
06085,164962,37.1
06087,115265,37.8
06089,73415,41.5
06091,74547,54.8
06093,64251,47.8
06095,100842,38.1
06097,108169,42.1
06099,79228,34.1
06101,79429,35.7
06103,61939,41
06105,54714,52.5
06107,69493,31
06109,83571,48.4
06111,115600,38.1
06113,98244,31
06115,72679,32.8
08001,87596,33.8
08003,56513,31.8
08005,104990,36.6
08007,71666,50.9
08009,51324,46
08011,44983,40.2
08013,115966,36.6
08014,124778,37.8
08015,70142,49.2
08017,70046,39.4
08019,84430,48.1
08021,50114,38.8
08023,46633,51.9
08025,50640,35.4
08027,64037,59.7
08029,65899,47.3
08031,99151,34.5
08033,62136,48.8
08035,147010,38.7
08037,118174,37
08039,121995,46.1
08041,88333,34.2
08043,64506,45.1
08045,90090,36.5
08047,103719,49
08049,86284,42.9
08051,77389,34.5
08053,74731,56.1
08055,50466,55
08057,64192,51.6
08059,107456,40.3
08061,59705,42.5
08063,69660,38.3
08065,64892,36.7
08067,94761,40.4
08069,93301,36
08071,56571,45.9
08073,66203,38
08075,64895,38.2
08077,71408,39.7
08079,74266,56.1
08081,70569,36.6
08083,61197,45.2
08085,66576,45.2
08087,64702,36.2
08089,49140,39.9
08091,89953,54.1
08093,88346,50.7
08095,65218,37.1
08097,123052,41.8
08099,57202,38.3
08101,62799,39.3
08103,68199,36.9
08105,57761,42.1
08107,106451,40.2
08109,51603,49
08111,68152,51.2
08113,103024,41.8
08115,64634,44.1
08117,101084,39.1
08119,84460,50
08121,66293,41.6
08123,89427,34.4
08125,68157,37.8
09001,155154,40.6
09003,100938,40.4
09005,107239,47.3
09007,110132,45.7
09009,94740,40.3
09011,95858,41.4
09013,109723,37.7
09015,82196,41.2
10001,75577,37.7
10003,97068,38.4
10005,84849,49.6
11001,127890,34
12001,71857,31.6
12003,74509,37.7
12005,71507,39.8
12007,57585,39.7
12009,77091,47.3
12011,85851,40.4
12013,53097,41.6
12015,71130,59.1
12017,58601,56.5
12019,82908,39.7
12021,112784,50.8
12023,63704,40.4
12027,49625,40.9
12029,56035,46.5
12031,77522,36.2
12033,68758,37.2
12035,71667,51.3
12037,68529,46.4
12039,53811,40.8
12041,56762,42.1
12043,55963,47.9
12045,61039,44.9
12047,51642,40.9
12049,53433,35.4
12051,56396,34
12053,62158,49
12055,59208,53.5
12057,83104,37.2
12059,51489,42.7
12061,87526,53.5
12063,53662,41.7
12065,62304,48
12067,57595,37.3
12069,69788,46.9
12071,82544,48.5
12073,75693,31
12075,49934,46.9
12077,50919,40.7
12079,51664,43.5
12081,83097,48.3
12083,62048,48.7
12085,98131,52.2
12086,79100,39.9
12087,104034,47.7
12089,92133,45.3
12091,82171,36.9
12093,58238,41.1
12095,83706,35.1
12097,66856,35.9
12099,99173,44.8
12101,71321,44.5
12103,78424,48.1
12105,66810,40.2
12107,50838,45.1
12109,113475,43.7
12111,68673,45.1
12113,84311,39.9
12115,90170,56.1
12117,90193,39.2
12119,74605,67.4
12121,61690,43.3
12123,50152,42
12125,64521,39.3
12127,67025,46.6
12129,73794,40.6
12131,83745,44
12133,48972,41.5
13001,54634,40.3
13003,54979,36.4
13005,53187,36.7
13007,47336,46.1
13009,56958,35.5
13011,56327,41.1
13013,72722,35.7
13015,71769,38.1
13017,43566,39.9
13019,49598,39.6
13021,63566,36.4
13023,56095,35.8
13025,51349,41.1
13027,60621,42
13029,88173,34.6
13031,60741,28.8
13033,59197,37.4
13035,72157,38.6
13037,47870,39.6
13039,76395,32.8
13043,52898,38.7
13045,68005,34.8
13047,70444,40.4
13049,52464,41.2
13051,80665,35.6
13053,64522,24.5
13055,48964,39.4
13057,100628,38.7
13059,59404,28
13061,37701,49.8
13063,58950,32.5
13065,39016,39.9
13067,104969,36.7
13069,54717,36.3
13071,55000,36.8
13073,101299,36.9
13075,52709,37.3
13077,91203,39
13079,59937,44.4
13081,56889,38.5
13083,61540,42.6
13085,90106,43.6
13087,56046,37.8
13089,91259,35.8
13091,53758,41.8
13093,57325,43.2
13095,54662,35.6
13097,77559,36.5
13099,46829,39.9
13101,53541,40.6
13103,85885,36
13105,53908,42.6
13107,50288,36.9
13109,54026,37.6
13111,64930,52.1
13113,120612,43.4
13115,67957,38.3
13117,128476,38.5
13119,59091,41.2
13121,113594,35.5
13123,67610,47.2
13125,61176,42.7
13127,81578,41.6
13129,63076,38.4
13131,58661,40.3
13133,89654,50.2
13135,91502,35.3
13137,63866,39.7
13139,86265,36.7
13141,48174,45.6
13143,63993,40.4
13145,99608,42.9
13147,58702,44.1
13149,58620,41.9
13151,85540,36.9
13153,77239,35.4
13155,51912,39.7
13157,81860,38.1
13159,60275,43
13161,47619,36.6
13163,47500,40
13165,39307,44.3
13167,50557,41.8
13169,66967,40.4
13171,58828,37.8
13173,50196,35.6
13175,56190,38.9
13177,82953,37.2
13179,58338,28.4
13181,60154,47.1
13183,63440,32.9
13185,61180,30.5
13187,71726,37
13189,55341,37.7
13191,61632,49.4
13193,46927,40.3
13195,65543,41.1
13197,55358,44.6
13199,51952,42.3
13201,57772,43.5
13205,51694,39
13207,86317,42.9
13209,61661,40
13211,87406,44.6
13213,59543,38.2
13215,65942,34
13217,71820,36.4
13219,122678,40.4
13221,58012,42.4
13223,80865,36
13225,63011,37.9
13227,81284,45.4
13229,59010,39.4
13231,78604,40.4
13233,64011,37
13235,58868,43.1
13237,76143,46.2
13239,44571,47.3
13241,66194,49.2
13243,42080,41
13245,58176,34.1
13247,77956,38.1
13249,54667,37.8
13251,56501,41.4
13253,65251,44.9
13255,63580,39.2
13257,62370,41.8
13259,46204,35.4
13261,53060,35.7
13263,49085,50.1
13265,49292,44.2
13267,57852,37.3
13269,49357,45.2
13271,51004,41.5
13273,50725,41.1
13275,67588,40.4
13277,60196,36.2
13279,64821,36.4
13281,61147,54
13283,53068,40.1
13285,60945,36.4
13287,50365,40.3
13289,49399,45.7
13291,66554,54.3
13293,52684,42.1
13295,61409,41.4
13297,78154,38.7
13299,52895,39.5
13301,53077,45.1
13303,52936,41.5
13305,58658,38.9
13307,53823,45.1
13309,39372,38.8
13311,67742,46.1
13313,66969,36
13315,53060,39.8
13317,58715,45.1
13319,53601,42.6
13321,61666,41.6
15001,82222,42.7
15003,109304,37.9
15005,83246,57.4
15007,96091,42.6
15009,102759,41.2
16001,88757,37
16003,62433,55.2
16005,66696,33.8
16007,66372,39.6
16009,56776,46.2
16011,67631,33.6
16013,82455,43.2
16015,72816,54
16017,66370,47.9
16019,80777,32.9
16021,64115,43.5
16023,69040,45.2
16025,72695,44.5
16027,64252,33.6
16029,72773,36.9
16031,66145,32.9
16033,52716,33.2
16035,56978,50.4
16037,52046,53
16039,56989,32.3
16041,73488,32.8
16043,68783,37.6
16045,57326,44.6
16047,62514,38.7
16049,54281,50.2
16051,78637,31.5
16053,62875,32.7
16055,74130,40.2
16057,66546,28.7
16059,53967,52.1
16061,54285,48.6
16063,61361,35.1
16065,54512,23.5
16067,67816,35.2
16069,71465,40.8
16071,58747,38.6
16073,60798,38.9
16075,68276,40.4
16077,63375,38.3
16079,53892,47.3
16081,88054,37.2
16083,67867,34.7
16085,86047,50.6
16087,55317,45.4
17001,72053,41.5
17003,46981,45.3
17005,72369,41.6
17007,89482,38.5
17009,71088,38.9
17011,72177,44.4
17013,73438,46.8
17015,65151,48.3
17017,65654,40
17019,74803,30.1
17021,64899,43.4
17023,72492,42.3
17025,62922,42.6
17027,81411,40.6
17029,66458,35.7
17031,95677,36.8
17033,68410,41.8
17035,68662,42.5
17037,77444,31.1
17039,71098,43.6
17041,71081,37.8
17043,123178,39.3
17045,62511,45.2
17047,65280,43.5
17049,77771,39.4
17051,61212,41.9
17053,67090,43.4
17055,56109,42.8
17057,67814,43.2
17059,71467,45.6
17061,62277,42.5
17063,91384,37.9
17065,65965,43.6
17067,66566,46
17069,74749,46.8
17071,65213,50
17073,73302,43.1
17075,65047,44.4
17077,57671,31.9
17079,64186,43.1
17081,66359,40.9
17083,75610,42.9
17085,74630,49.9
17087,68684,43.7
17089,104278,37.3
17091,73991,37.7
17093,110975,35.2
17095,58636,42.1
17097,127257,38.4
17099,72700,41.9
17101,62206,42.4
17103,73903,43.2
17105,69815,42
17107,73126,40.1
17109,60150,33
17111,105240,40.2
17113,88810,33.1
17115,69280,41.1
17117,68714,43.7
17119,78557,40.2
17121,60262,42.2
17123,71345,46
17125,65149,45.2
17127,56735,43.5
17129,88289,43.2
17131,69351,44.9
17133,105341,42
17135,65721,43.3
17137,64238,40.8
17139,73189,40.7
17141,75899,42.4
17143,77258,37.5
17145,65309,42.2
17147,81088,42.9
17149,62740,42
17151,51067,52.5
17153,52110,44
17155,77077,48.1
17157,70079,41.6
17159,63252,42
17161,69960,40.1
17163,75474,38.6
17165,59748,42.2
17167,82375,40.3
17169,63290,46.3
17171,66286,44.6
17173,63460,45.1
17175,70263,45.1
17177,62817,45.3
17179,80682,41
17181,63764,43.7
17183,61753,40.4
17185,65575,43.8
17187,63814,39.8
17189,75768,43.9
17191,60461,43.4
17193,61001,44.3
17195,71473,43.4
17197,105838,37.9
17199,67912,41.2
17201,71360,39.7
17203,96870,40.5
18001,65750,33.5
18003,73195,35.9
18005,80056,37.8
18007,61729,40.5
18009,56693,44
18011,124465,38.1
18013,82152,50
18015,71684,42.9
18017,61608,40.8
18019,72734,39.1
18021,65144,41.5
18023,64131,37.8
18025,55598,43
18027,68429,34.4
18029,80394,42.5
18031,68940,39.2
18033,72425,39.1
18035,60528,35.6
18037,74871,40.3
18039,71964,35.6
18041,56682,42.8
18043,83925,39.8
18045,67826,43.4
18047,75292,42.2
18049,65255,41.3
18051,70778,40.3
18053,56890,40.3
18055,62184,43.1
18057,131790,37.1
18059,87144,39.8
18061,72940,42.3
18063,99177,37.7
18065,62330,42.1
18067,65998,41.7
18069,64240,40.7
18071,66368,38.5
18073,73222,40.3
18075,60027,39.7
18077,67274,40.8
18079,67996,39.8
18081,90501,37.5
18083,63212,37.9
18085,75552,38.5
18087,77943,31.1
18089,73253,39.1
18091,69755,40.3
18093,63859,43.1
18095,62510,40.4
18097,68914,34.3
18099,67414,40
18101,62744,42.7
18103,61391,40.1
18105,70085,29.6
18107,67020,40.2
18109,80395,41.5
18111,63790,43.1
18113,68936,38.7
18115,69488,47.4
18117,58832,42.4
18119,60524,45.2
18121,64709,43.2
18123,64159,42
18125,61466,43.7
18127,88151,39.5
18129,78947,42.6
18131,59326,41.6
18133,71447,37.9
18135,59581,42.6
18137,71576,40.7
18139,65706,41.7
18141,71909,36.6
18143,60070,41.5
18145,73073,40.8
18147,76231,44
18149,64476,41.5
18151,73107,43.7
18153,64112,41
18155,62890,40.5
18157,71389,28.2
18159,74502,45.1
18161,62140,43.5
18163,69566,38.3
18165,61067,42.9
18167,61602,36.2
18169,64394,42.3
18171,76096,44.4
18173,94684,41.2
18175,61872,41.6
18177,64356,40.6
18179,72066,40.3
18181,66551,42
18183,77629,41.8
19001,68186,45.4
19003,65045,47.3
19005,65543,44.4
19007,58551,45.7
19009,64386,48.1
19011,81983,42.6
19013,74486,35.2
19015,77650,41.8
19017,82376,39.8
19019,84637,39.1
19021,71786,35
19023,70812,43.9
19025,67274,44.6
19027,73480,42
19029,61734,44.9
19031,77477,42.7
19033,72174,44.3
19035,73789,46.3
19037,72307,44.5
19039,65651,40.5
19041,64142,42.9
19043,65784,47.3
19045,66565,42.2
19047,77043,38.7
19049,113976,35.4
19051,80452,36.8
19053,56959,36.4
19055,79350,43.8
19057,69054,42.9
19059,82196,48.4
19061,81377,38.6
19063,67627,42.9
19065,68098,43.8
19067,65801,44.1
19069,71286,42.7
19071,69114,46.2
19073,65031,44.5
19075,85664,42.6
19077,73346,45.5
19079,71567,42.6
19081,70332,44.2
19083,66964,44.7
19085,76721,44
19087,66322,39.7
19089,69198,41.5
19091,69734,42.9
19093,78094,43.7
19095,81000,41.7
19097,69017,44.3
19099,71754,42.1
19101,68141,42.9
19103,86798,30.3
19105,73371,43.1
19107,70155,43.7
19109,69498,45.5
19111,63170,43.1
19113,83373,37.7
19115,73111,41.9
19117,73294,44.2
19119,75849,38
19121,87530,40.7
19123,68931,39.3
19125,75361,39.4
19127,68760,38.7
19129,91008,42.5
19131,70494,43.6
19133,64281,46
19135,68736,43
19137,66795,44.2
19139,74538,38.1
19141,67826,41.9
19143,71472,44
19145,64066,44.1
19147,67392,41.4
19149,83138,40
19151,65405,47.6
19153,88311,35.5
19155,75030,39.7
19157,74234,40.5
19159,69971,44
19161,73425,46.1
19163,83076,38.3
19165,75375,46.4
19167,82322,33.4
19169,74611,26.6
19171,70779,42.6
19173,69804,42.3
19175,64915,40.3
19177,65542,45.4
19179,62750,39.6
19181,93100,38.3
19183,76076,40.3
19185,61026,43.2
19187,62133,39
19189,65281,41.8
19191,77597,41.5
19193,74009,35.8
19195,73526,43.9
19197,65852,43.5
20001,54789,41.9
20003,60801,40.8
20005,63780,36.6
20007,65824,43.6
20009,65225,39.9
20011,57857,39.1
20013,62112,42.1
20015,80264,38.6
20017,55495,44.8
20019,52464,47.9
20021,55245,41.3
20023,59183,45.6
20025,63616,45.3
20027,67728,42.5
20029,62840,40.8
20031,76736,43.8
20033,66807,48.1
20035,62458,38.8
20037,56306,32.5
20039,60107,50.6
20041,63692,41.3
20043,63346,41
20045,80284,29.8
20047,61020,45.7
20049,53233,52.3
20051,74318,32.5
20053,64204,42.1
20055,70722,30.8
20057,66956,32.2
20059,67613,40
20061,61506,26.4
20063,63257,48.2
20065,56239,50.4
20067,70072,32.6
20069,80186,36
20071,65953,42.2
20073,60830,48.6
20075,54808,35.8
20077,59919,42.4
20079,70297,39.2
20081,77222,36.9
20083,72283,47.6
20085,68550,41.2
20087,76659,43.3
20089,58991,52.8
20091,118415,37.6
20093,71099,34.7
20095,80453,45.4
20097,65246,41.6
20099,58891,41
20101,57424,40.7
20103,89420,37.8
20105,59337,46.5
20107,62040,44.4
20109,66998,39.7
20111,64605,33.4
20113,72213,40.8
20115,64540,44.5
20117,66542,42.8
20119,71534,37.9
20121,91016,42.1
20123,59393,43.1
20125,58538,40.3
20127,71313,46.6
20129,60608,40.5
20131,75348,39.9
20133,57067,40.2
20135,75575,50
20137,68928,42.7
20139,66569,43.8
20141,67431,46.7
20143,70565,43
20145,62633,43
20147,63431,44.3
20149,79171,35.4
20151,69382,38.5
20153,63730,48.8
20155,65695,40.3
20157,58436,50.7
20159,66374,38.9
20161,70579,25.1
20163,60896,44.7
20165,56665,46.6
20167,60152,49.1
20169,69043,38.6
20171,72447,39.7
20173,74957,35.4
20175,61443,29.4
20177,74324,39.1
20179,80114,44.9
20181,65466,39.3
20183,61911,51.4
20185,67070,44.1
20187,59421,35.3
20189,69246,35.1
20191,66036,41.2
20193,76255,36
20195,69210,49.4
20197,69670,43.8
20199,68214,41.8
20201,64927,45.4
20203,68597,42.3
20205,65716,43.7
20207,51321,47.4
20209,58379,33.7
21001,53464,41.8
21003,57154,40.7
21005,67961,41.4
21007,62411,43.6
21009,53857,40.5
21011,57056,40.6
21013,37783,41.7
21015,97356,37.5
21017,68312,41.8
21019,65925,42.3
21021,67505,40.3
21023,59654,41.4
21025,46260,42.2
21027,59753,43.1
21029,75782,40.4
21031,57071,41.3
21033,69078,44
21035,57431,35.6
21037,83704,38.2
21039,74424,42.8
21041,63333,38.5
21043,49489,41.6
21045,46614,42.6
21047,58192,28.3
21049,71215,42.3
21051,39471,39.6
21053,50852,41.9
21055,58303,43.6
21057,44638,46
21059,71162,38.9
21061,52578,44.3
21063,43276,41.4
21065,43297,43.5
21067,83111,34.6
21069,58083,41.4
21071,47590,42.2
21073,70994,40.9
21075,41296,43.5
21077,61571,38.8
21079,66967,43
21081,62680,36.3
21083,61303,39.7
21085,52937,40.3
21087,53787,44.6
21089,69483,43.4
21091,65006,39.9
21093,71340,37
21095,39289,41.3
21097,61766,42.2
21099,51902,40.5
21101,63853,41.2
21103,66063,41.4
21105,66137,48
21107,60425,41.8
21109,45258,42.2
21111,79373,38.3
21113,84773,37.8
21115,55898,41.8
21117,83684,37.1
21119,43034,43.2
21121,44833,40
21123,61993,40.9
21125,56574,40
21127,46907,41.2
21129,39008,43.6
21131,39649,42.3
21133,47200,42.4
21135,47765,42.8
21137,54753,41.3
21139,64268,46
21141,60451,40.7
21143,64743,50.6
21145,73816,42.2
21147,39988,39.4
21149,62656,42.4
21151,67153,34.1
21153,43655,42.3
21155,55942,39.3
21157,70833,44.9
21159,49051,39.5
21161,70046,40.6
21163,72177,38.6
21165,47917,44.6
21167,66500,43.2
21169,47093,43.9
21171,55109,41.4
21173,57732,39.7
21175,49961,42
21177,57437,42.4
21179,82718,39.8
21181,55681,41.1
21183,62237,40.3
21185,128725,38.9
21187,68307,42.8
21189,47219,43.4
21191,63926,40.6
21193,53993,41.2
21195,52110,42.5
21197,51797,38.6
21199,60035,42
21201,53601,42.9
21203,51627,42.7
21205,56144,30.6
21207,49682,43.3
21209,87058,36.2
21211,89068,39.4
21213,61077,39
21215,91493,42.1
21217,59529,37.6
21219,61829,37.8
21221,67091,46.2
21223,65931,43.4
21225,60222,38.1
21227,74174,32.8
21229,66579,40.7
21231,55543,42.5
21233,58282,41
21235,56554,36.6
21237,36718,41.8
21239,80655,42.5
22001,61465,36.7
22003,61465,38.2
22005,94664,35.7
22007,63643,40.9
22009,57201,38.2
22011,67685,37.4
22013,49035,41.9
22015,71481,35.3
22017,65177,37.7
22019,72183,36.1
22021,61083,39.8
22023,74910,44.1
22025,60017,38.1
22027,43917,42
22029,51568,37.7
22031,65839,39.3
22033,82340,34
22035,58740,33.9
22037,68891,42.9
22039,48970,35.7
22041,50029,38.4
22043,52966,38.1
22045,61590,36.5
22047,66504,38.4
22049,55915,40.9
22051,74367,39.4
22053,65425,37.8
22055,80379,35.2
22057,73249,37.8
22059,60286,38.8
22061,58164,28.3
22063,80470,36.6
22065,46317,35.2
22067,45813,39.9
22069,47309,33.7
22071,71938,36.8
22073,63423,35.7
22075,76432,36.5
22077,66680,43.1
22079,66728,37.4
22081,58402,39.4
22083,51463,38.8
22085,55685,41.1
22087,56887,34.2
22089,89045,37.9
22091,61237,39.4
22093,70558,39.2
22095,70802,36.8
22097,54740,36.7
22099,65800,37.7
22101,54359,39
22103,91595,40.2
22105,64903,35.3
22107,39433,43.4
22109,69122,35.8
22111,61857,42.1
22113,66097,38
22115,63430,30.4
22117,52104,39.4
22119,43967,41.4
22121,79390,36.3
22123,55983,40.3
22125,85586,41.4
22127,56203,41.1
23001,69091,41
23003,56724,48
23005,95943,42.2
23007,64842,46.3
23009,77170,48.8
23011,70956,44.4
23013,75377,48.4
23015,74439,51
23017,62267,47
23019,67198,42
23021,53870,51.5
23023,76602,46.9
23025,56316,46.4
23027,68013,46.2
23029,56280,48.1
23031,85640,45.2
24001,59335,41.7
24003,124685,38.3
24005,102337,39.4
24009,127265,40.7
24011,79246,39.7
24013,114828,42.4
24015,92420,40.8
24017,115704,38.4
24019,71968,44.6
24021,116796,39.1
24023,71004,46.2
24025,108305,40.9
24027,150203,38.8
24029,86130,48.1
24031,149437,39.2
24033,102593,37.1
24035,117490,44.4
24037,108493,36.7
24039,55239,36.2
24041,109992,50.5
24043,79633,40.5
24045,73662,36.1
24047,87259,50.4
24510,74246,35.4
25001,99954,53.3
25003,80610,47.1
25005,89636,41
25007,107446,47.1
25009,109575,40.9
25011,81012,46.7
25013,76473,39
25015,92520,36.5
25017,135425,38.5
25019,147953,40.3
25021,140508,40.9
25023,115852,42.7
25025,104274,32.8
25027,97304,40.2
26001,52435,58.2
26003,55675,49.5
26005,76358,39.8
26007,57448,48.1
26009,75224,51.3
26011,54451,50
26013,60698,45.5
26015,79537,42.5
26017,63415,43.4
26019,70067,50.2
26021,73428,42.1
26023,64845,41.2
26025,64683,39.8
26027,75655,45.2
26029,75996,48.6
26031,58961,51.1
26033,63371,40.5
26035,53634,47.2
26037,88613,40.6
26039,58926,50.8
26041,61980,47.4
26043,66336,46.7
26045,80637,40.9
26047,76988,45.5
26049,65564,40.5
26051,58130,50.1
26053,55695,49.3
26055,85405,42.8
26057,63319,39.5
26059,63636,42.3
26061,59156,33
26063,62261,49.2
26065,72682,32
26067,67679,38.7
26069,54041,52.9
26071,53501,54.3
26073,63637,28.1
26075,70566,41.2
26077,79194,34.4
26079,58863,44.4
26081,85054,35.3
26083,70757,57.5
26085,47180,53.2
26087,78166,44.1
26089,90159,54.1
26091,70185,41.9
26093,104028,43.5
26095,57942,44.7
26097,59860,52.8
26099,79750,40.9
26101,64676,49.3
26103,67489,39.1
26105,68774,46.2
26107,59964,36.9
26109,59902,48.8
26111,86910,41.8
26113,58955,43.5
26115,77703,42.6
26117,61868,40.7
26119,49847,56.1
26121,65499,39.3
26123,64330,42.4
26125,108755,40.9
26127,62380,43.2
26129,53794,50.4
26131,51229,58.6
26133,55654,43.8
26135,54980,51.8
26137,66201,44.9
26139,87410,35.2
26141,61488,55
26143,53935,56.2
26145,67221,40.9
26147,74614,43.8
26149,65793,39.6
26151,60795,45.2
26153,55520,52.1
26155,69435,42.4
26157,62669,44.6
26159,71382,41.6
26161,101787,33.6
26163,67907,37.9
26165,62864,41.6
27001,62069,55.5
27003,98194,38.5
27005,77834,41.9
27007,65296,34
27009,72182,36
27011,65674,49
27013,74621,31
27015,73387,42.3
27017,76930,41
27019,129533,37.9
27021,68806,48.9
27023,70772,41.6
27025,94060,41.3
27027,79274,32.6
27029,67122,42.3
27031,69447,52.6
27033,63918,42.9
27035,76182,44.5
27037,106727,37.9
27039,90314,38.4
27041,83938,44.2
27043,66870,45.8
27045,74416,42.3
27047,67802,44
27049,82660,42.2
27051,74166,44.9
27053,110079,36.5
27055,75319,45.3
27057,70985,48.7
27059,88176,40
27061,69888,46.3
27063,78423,44.8
27065,69563,45
27067,76555,39.3
27069,70529,48.1
27071,65070,49.5
27073,70346,50.4
27075,72710,50.8
27077,59407,50.9
27079,84784,41
27081,68704,45.4
27083,75049,35.8
27085,78321,40.7
27087,58348,35.7
27089,72056,43.7
27091,69946,45.3
27093,79925,42.2
27095,68166,40.5
27097,72207,41.7
27099,73382,38.8
27101,71996,48.1
27103,83995,36.3
27105,67732,35.7
27107,70747,43.8
27109,101733,37.2
27111,74388,46.8
27113,72022,39.6
27115,66227,45
27117,71373,42.1
27119,72397,38.7
27121,76120,45.8
27123,88161,35
27125,70897,42.7
27127,68621,42.6
27129,73001,43.8
27131,85520,36.5
27133,76060,40.8
27135,75604,41.6
27137,72344,41.1
27139,120908,36.5
27141,101255,36
27143,78374,41.7
27145,80105,34.4
27147,79975,39
27149,84607,33.1
27151,69054,43.9
27153,65828,43.9
27155,67825,47.5
27157,81298,45.2
27159,58527,41.5
27161,73285,40.5
27163,122320,39.5
27165,68428,39.9
27167,77035,43.3
27169,74313,35.2
27171,99782,37
27173,71153,42.4
28001,46879,41.4
28003,58260,39.7
28005,50720,47.1
28007,55059,39.8
28009,49647,41.5
28011,47724,35.6
28013,45972,41.4
28015,58553,47.6
28017,50238,37.8
28019,53744,44
28021,41128,33.9
28023,59073,42.2
28025,50035,39.5
28027,48300,34.8
28029,54908,38.5
28031,50121,37.3
28033,82873,36.8
28035,56900,32.5
28037,57657,42.5
28039,62308,36.4
28041,56211,40.4
28043,55874,39.2
28045,63956,44.4
28047,63588,36.2
28049,61247,34.8
28051,37456,34.7
28053,48091,38.3
28055,49035,42.2
28057,56901,39.9
28059,69213,38.8
28061,53016,41
28063,39115,40.5
28065,47792,44
28067,59647,37.5
28069,42271,41.4
28071,74924,30.5
28073,80384,35.9
28075,61186,37.8
28077,55292,39.9
28079,53201,36.9
28081,67659,37.5
28083,48239,34
28085,60457,38.9
28087,65188,37.1
28089,100923,37.2
28091,49142,40.8
28093,58572,40.4
28095,57421,41.1
28097,53705,41.6
28099,51839,37.3
28101,53593,37
28103,48285,37
28105,59862,26.1
28107,53225,38.3
28109,61538,40.9
28111,59274,41.9
28113,44819,37.2
28115,58032,36.6
28117,50723,39.2
28119,36132,38.7
28121,81597,37.8
28123,59659,36.4
28125,47529,41.2
28127,61093,39.5
28129,61942,41.5
28131,62757,38.7
28133,47453,35.6
28135,48159,36.8
28137,64146,38.2
28139,51144,38.8
28141,49943,42.5
28143,52941,33.6
28145,58050,37.9
28147,50698,39.8
28149,63019,39.1
28151,49835,37.2
28153,60167,40.2
28155,54448,40.5
28157,41858,37.8
28159,57737,42.3
28161,49019,42.5
28163,53676,36.1
29001,59203,27.6
29003,73248,42.4
29005,64236,48.5
29007,61557,39.7
29009,64139,43.7
29011,64001,41.3
29013,67588,41.6
29015,56309,53.6
29017,53816,44
29019,75435,31.2
29021,66099,37.8
29023,53954,41.3
29025,59737,42.3
29027,68870,38.6
29029,71833,51.5
29031,72374,36.5
29033,62887,43.4
29035,56449,41.7
29037,84848,39.8
29039,53665,44.7
29041,60240,45.7
29043,74065,37.9
29045,65020,44
29047,88212,37.1
29049,72858,41
29051,75636,38.6
29053,63688,38.7
29055,54332,41.9
29057,55998,46.2
29059,62312,44
29061,64421,41.1
29063,63023,40.4
29065,54579,44.7
29067,51868,47.3
29069,52761,40
29071,75479,40.7
29073,68913,46.2
29075,61423,40.4
29077,63877,36
29079,57506,40.8
29081,52317,43.3
29083,63004,44.1
29085,43912,55
29087,60182,48.5
29089,64775,39.1
29091,52116,40.9
29093,51670,45.7
29095,74788,36.8
29097,62468,36.2
29099,78083,39.2
29101,66605,30.5
29103,56014,44.1
29105,58389,40.3
29107,72876,42.3
29109,58968,39.4
29111,57940,40.6
29113,74375,37.1
29115,59352,41.8
29117,59092,40
29119,54657,37.8
29121,53813,43.3
29123,59032,42.2
29125,62778,46
29127,61788,38.9
29129,57579,42.9
29131,64090,40.7
29133,50405,41.4
29135,67975,38
29137,56487,46.5
29139,57597,44.5
29141,54011,46
29143,50499,42
29145,72789,39.9
29147,58922,29.7
29149,43846,46.4
29151,74559,40.8
29153,42760,51.6
29155,50700,37.9
29157,66451,40.7
29159,60159,37.8
29161,62404,35.3
29163,60711,38.9
29165,101450,38.2
29167,60004,37.6
29169,64126,27.6
29171,56944,45.8
29173,67500,45
29175,57461,39.4
29177,74020,42.2
29179,53030,46.5
29181,46280,42.3
29183,102661,38.6
29185,51397,50.3
29186,75189,43.3
29187,58714,39.4
29189,100230,40.3
29195,58691,37.9
29197,53256,40.1
29199,73096,37.3
29201,61674,40
29203,43278,45.8
29205,57889,42.3
29207,53651,41.4
29209,68776,53.6
29211,57896,42.1
29213,58053,42.2
29215,50352,43.2
29217,60130,40.8
29219,76704,41
29221,54810,40.8
29223,45398,47.5
29225,64106,36.7
29227,59673,48.1
29229,48932,41.7
29510,64089,35.8
30001,64856,43
30003,63920,30.7
30005,51976,33.8
30007,75505,47.3
30009,71282,50.5
30011,64512,47.8
30013,69845,38.3
30015,57531,41.9
30017,70861,41.4
30019,74287,49.2
30021,72049,41
30023,54982,48.6
30025,80843,39.3
30027,67775,45.3
30029,76591,42.2
30031,90411,33.4
30033,65237,45.8
30035,49602,31.9
30037,62931,56.9
30039,74718,54.3
30041,59986,34.3
30043,83162,47.6
30045,61197,51.7
30047,63517,42.3
30049,81455,40.8
30051,84727,46.5
30053,58054,52.4
30055,68249,46.6
30057,71087,53
30059,59768,48
30061,53168,51.7
30063,74060,36
30065,55725,50.1
30067,73960,46.3
30069,69975,51.8
30071,59382,49
30073,68355,40.7
30075,68431,53.4
30077,65914,45.5
30079,64764,48.7
30081,70220,49.1
30083,79719,38.6
30085,57792,30.2
30087,68763,36.8
30089,56419,53.9
30091,76853,46.3
30093,62015,40
30095,79373,46.8
30097,67334,52
30099,68537,44.4
30101,68818,43.1
30103,58435,56.8
30105,63373,44.3
30107,54148,41.1
30109,61871,47.1
30111,81783,38.4
31001,69884,37.7
31003,61503,44.9
31005,60130,45.5
31007,67962,48.9
31009,56038,53.2
31011,76617,44.8
31013,65792,39.4
31015,65047,54.3
31017,65913,49.4
31019,77416,33.5
31021,73339,45.7
31023,71463,43.3
31025,86686,41.7
31027,73576,42.7
31029,68325,43.5
31031,67218,43.1
31033,67772,40.4
31035,66606,42.5
31037,68620,33.7
31039,70360,42.6
31041,75547,43.1
31043,71383,33.4
31045,61430,34.9
31047,68229,35.7
31049,58781,48.7
31051,68200,40.8
31053,67590,38.9
31055,88827,34.7
31057,54880,43.3
31059,77326,47
31061,62541,50.8
31063,66014,45.2
31065,60469,46.9
31067,67921,43.8
31069,70294,50.4
31071,64137,50.9
31073,82286,53.4
31075,59757,38.8
31077,61001,45.5
31079,73971,35.9
31081,78414,41.9
31083,65235,45.3
31085,70359,45.7
31087,66763,46.2
31089,73521,42.8
31091,58286,53.3
31093,65176,43.1
31095,57938,46.5
31097,67668,40.9
31099,75055,39.6
31101,63189,49.3
31103,71348,45.3
31105,62866,46.3
31107,66835,45.6
31109,80125,33.5
31111,74926,41.1
31113,63374,38.6
31115,59443,53.2
31117,59324,54.8
31119,68209,36.6
31121,67953,43.6
31123,63698,42.3
31125,66210,44.8
31127,68654,39.3
31129,66329,49.2
31131,75729,41.4
31133,61371,50
31135,84188,42.9
31137,75991,42.4
31139,74485,41.6
31141,76517,38.4
31143,75104,45.1
31145,63841,40.7
31147,61539,47.7
31149,80822,46.2
31151,64190,35.5
31153,97334,34.6
31155,83130,41.2
31157,66631,39.5
31159,83079,38
31161,66307,46.7
31163,62650,49.7
31165,64729,44.1
31167,73368,42.1
31169,66304,46.5
31171,82762,41.8
31173,64450,27.5
31175,67955,46.2
31177,86984,41.2
31179,69654,32
31181,69851,45.1
31183,62582,49.4
31185,79062,39.9
32001,70161,39.7
32003,80762,37.3
32005,89303,52
32007,90670,34.1
32009,50154,55.4
32011,82869,47.7
32013,84751,36
32015,84729,37.4
32017,66310,44.4
32019,69580,43.7
32021,47501,52.9
32023,57141,53.1
32027,60380,42.1
32029,92393,50.9
32031,89027,38.4
32033,69285,39.8
32510,75267,42.4
33001,89116,47.4
33003,82289,52.3
33005,82516,43.1
33007,62537,48.2
33009,91122,43.2
33011,103090,40.7
33013,94698,42.8
33015,118066,44.5
33017,91031,36.9
33019,78324,46.3
34001,86110,41.7
34003,137866,41.9
34005,113226,41.6
34007,94016,38.8
34009,93847,49.6
34011,72860,37.6
34013,103290,37.6
34015,105950,40.5
34017,103912,35.3
34019,149456,46.3
34021,117651,38.8
34023,112274,38.6
34025,134907,43.3
34027,155396,42.8
34029,93749,42.7
34031,93352,37.2
34033,87338,42.1
34035,152531,41.7
34037,116709,44.7
34039,117238,38.7
34041,99757,44.4
35001,74035,37.6
35003,50990,58.1
35005,58612,35.7
35006,52278,37.3
35007,49626,50.2
35009,59084,31.5
35011,49045,35.4
35013,59601,33.1
35015,79875,35.2
35017,56893,46.4
35019,39340,43.1
35021,69065,58.5
35023,53273,43.1
35025,75101,31.8
35027,66092,50.9
35028,141162,42.3
35029,43116,37.1
35031,50778,32.4
35033,43961,55.2
35035,58345,35.8
35037,47159,43.4
35039,57304,41.3
35041,54667,30
35043,79179,40.1
35045,64814,35.4
35047,46665,44
35049,88441,46.3
35051,49509,55.7
35053,54875,39.4
35055,58045,48.8
35057,50947,43.6
35059,55998,39.8
35061,62351,38.9
36001,89267,37.8
36003,62811,39.1
36005,58740,34.2
36007,69491,39.9
36009,61368,42
36011,75068,42.9
36013,61785,42.6
36015,70677,41.3
36017,65428,44.9
36019,70048,39.5
36021,90508,48.2
36023,74152,36.4
36025,63417,47.9
36027,105034,42.2
36029,78009,40.3
36031,73826,47.7
36033,65742,39.9
36035,64357,43.9
36037,72894,43.1
36039,70633,45.9
36041,68929,55.3
36043,67532,44.2
36045,65932,32.5
36047,91610,35.2
36049,67306,42.2
36051,73278,41.3
36053,78606,41.9
36055,80684,38.9
36057,64908,41
36059,152785,41.7
36061,159571,37.5
36063,72484,43.2
36065,73642,41
36067,82569,39.1
36069,88255,43.7
36071,100958,37
36073,66676,43
36075,71632,40.3
36077,70405,42.3
36079,131096,44.2
36081,89921,39
36083,85835,39.8
36085,104629,40.1
36087,123680,36
36089,65160,39
36091,104165,42.8
36093,83024,39.7
36095,72509,45.4
36097,65240,46.4
36099,71496,42.1
36101,71516,42.9
36103,129192,41.5
36105,77197,42.8
36107,76774,44.5
36109,83950,31.1
36111,86500,44
36113,80032,46.8
36115,71225,44.2
36117,75590,43.8
36119,154513,40.9
36121,69563,42.2
36123,74877,41
37001,67667,39.1
37003,68416,43.7
37005,51814,50.1
37007,52077,40.9
37009,55125,48.3
37011,56935,45.2
37013,64182,46.2
37015,55018,45.4
37017,55229,44.5
37019,75081,53.8
37021,74505,42.2
37023,60451,44.1
37025,88147,37.9
37027,58083,44.6
37029,74108,41
37031,76847,48.6
37033,58897,45.7
37035,70173,41.4
37037,97914,46.7
37039,53258,51.5
37041,57515,46
37043,61345,52.2
37045,56939,41.8
37047,55616,41.9
37049,70687,37
37051,61346,31.3
37053,81134,42.8
37055,80094,46.5
37057,63983,42.5
37059,78412,45.2
37061,52929,40.5
37063,85518,35.4
37065,50394,41.7
37067,76256,38.4
37069,69310,41.4
37071,69460,40.1
37073,63905,46.5
37075,47796,46.2
37077,71297,42.7
37079,53007,40.7
37081,76720,37.1
37083,51994,43.4
37085,64988,34.4
37087,68390,47.6
37089,72983,47.4
37091,50420,42.2
37093,58873,32.8
37095,48430,40.9
37097,85338,40.6
37099,61700,37.7
37101,75663,38.4
37103,50360,48.5
37105,66437,38.6
37107,56708,42.7
37109,79460,43.3
37111,59567,43.9
37113,64288,50.1
37115,63757,44
37117,55603,46.3
37119,97595,35.1
37121,56059,47
37123,62773,43.6
37125,81481,44.3
37127,67836,41.7
37129,79148,39.1
37131,50620,49.6
37133,63254,26.4
37135,111542,34.8
37137,67503,52.4
37139,62857,38.6
37141,76780,42.7
37143,62649,49.8
37145,64737,43.7
37147,67261,32.5
37149,68076,52.7
37151,60701,41.7
37153,49668,40.5
37155,49701,36.6
37157,57405,44.7
37159,65110,40.2
37161,57564,45
37163,58515,40.3
37165,48707,39.3
37167,66853,42.2
37169,60769,46.2
37171,61976,44.1
37173,56555,41.9
37175,67138,51.1
37177,47736,46.2
37179,107967,38.2
37181,56810,40.9
37183,106822,36.2
37185,54251,48
37187,48062,46.1
37189,67569,31.9
37191,62307,37.8
37193,59515,44.9
37195,60985,40.5
37197,59932,44.4
37199,56153,47.6
38001,73892,45.6
38003,77131,45.1
38005,65093,30.5
38007,98764,43.7
38009,80014,45
38011,80877,41
38013,93941,36.8
38015,91692,37
38017,87889,32.5
38019,96680,49.5
38021,79432,41.9
38023,88558,51.1
38025,106893,39
38027,77286,45.8
38029,71032,50.9
38031,78318,44.8
38033,71808,45
38035,73717,29.7
38037,77732,50.1
38039,75426,51.1
38041,79987,46.5
38043,71731,47.8
38045,84603,47.9
38047,73990,52
38049,85434,43.2
38051,65754,53.5
38053,105700,30.1
38055,81392,46
38057,91827,44
38059,92356,37.8
38061,100606,33.2
38063,69989,52.4
38065,88881,47
38067,81041,48.1
38069,65582,45.8
38071,78592,40.7
38073,77166,46.6
38075,85076,39
38077,74319,37.3
38079,61600,31.4
38081,78848,45.2
38083,64388,50.9
38085,53928,28.2
38087,76096,47.7
38089,93757,34.2
38091,86840,50.3
38093,73895,40.5
38095,77897,47.6
38097,78234,41.2
38099,76693,44.2
38101,84307,31.6
38103,73761,51.6
38105,112921,31.3
39001,56865,42
39003,65521,39.2
39005,66426,40.4
39007,59932,42.5
39009,59302,29.6
39011,76552,41.1
39013,68384,44.6
39015,65895,42.1
39017,84886,36.7
39019,71054,45.5
39021,69841,41.9
39023,65280,41.1
39025,87902,40
39027,66857,39.4
39029,63789,44.1
39031,58516,41.3
39033,60193,43
39035,74923,40.4
39037,68845,41.9
39039,73694,40.4
39041,134937,38.8
39043,76190,44.8
39045,85202,39.2
39047,63286,41.4
39049,83201,34.1
39051,75755,41.1
39053,60507,40.7
39055,114211,44.8
39057,88951,38.3
39059,58828,42.2
39061,83247,36.8
39063,77807,39.3
39065,61739,35.9
39067,60067,46.3
39069,70931,41.1
39071,58802,40.8
39073,63701,43.1
39075,79857,31.5
39077,65653,39.8
39079,58016,40.1
39081,62303,44.8
39083,68356,39.4
39085,81155,43.8
39087,59958,41.8
39089,82929,39.7
39091,71431,41.4
39093,77113,41.8
39095,68678,37.8
39097,84360,40.8
39099,64844,43.5
39101,63207,41.3
39103,95333,42.2
39105,60917,43.6
39107,76115,39.6
39109,77607,41.3
39111,61624,46.5
39113,70103,39.2
39115,53701,44.5
39117,74118,42.2
39119,61880,40.3
39121,64273,50.4
39123,77641,49.3
39125,69620,42.1
39127,60839,40.2
39129,77039,39.7
39131,62297,40.8
39133,75878,38
39135,71405,42.7
39137,81432,39.8
39139,62847,41.1
39141,65448,41
39143,66143,42.2
39145,58968,39.9
39147,67625,39.9
39149,75899,39.5
39151,70478,42.1
39153,78984,41
39155,62475,44.3
39157,66469,41
39159,104000,38
39161,66249,41.2
39163,54406,42.9
39165,114340,39.4
39167,67322,44.3
39169,72883,38.7
39171,64821,41.4
39173,81232,34.9
39175,68514,42.1
40001,46729,37.2
40003,81944,44.2
40005,54846,40.2
40007,64587,39
40009,68503,35.9
40011,65633,43.5
40013,61932,37.2
40015,61438,37.7
40017,87402,35.9
40019,66388,38.2
40021,57750,35.3
40023,50312,42
40025,64782,43.8
40027,81154,34.2
40029,59996,42
40031,68111,33
40033,61070,43.5
40035,54789,42.1
40037,66802,40.3
40039,68026,31.4
40041,58241,46.7
40043,75771,39.2
40045,65146,44.1
40047,71136,35.8
40049,63489,39.3
40051,79857,39.2
40053,69910,42.6
40055,51609,40.4
40057,65261,40.6
40059,60655,39.7
40061,55908,41
40063,56864,39.4
40065,64649,34.1
40067,60666,41.5
40069,53245,40.1
40071,63840,38.4
40073,85007,37.7
40075,52399,42.9
40077,61059,41.3
40079,54669,39.4
40081,65535,41.2
40083,86416,38.5
40085,61351,39.4
40087,86131,38.5
40089,52076,38.8
40091,53601,47.8
40093,70907,41.1
40095,57883,42.8
40097,62056,40.6
40099,66516,42.9
40101,60950,37.9
40103,70442,41.2
40105,54856,42.4
40107,51384,40.2
40109,79865,34.6
40111,59397,39
40113,64349,42.5
40115,53337,38
40117,61953,41.9
40119,61957,27.3
40121,62746,40.3
40123,67130,35.7
40125,64015,37.7
40127,54865,44.5
40129,79732,40.6
40131,83964,39.1
40133,52767,38.8
40135,52371,40.8
40137,63675,40.7
40139,60808,33
40141,56552,42.7
40143,79911,35.7
40145,77184,38.8
40147,75769,40.2
40149,65675,39.1
40151,68430,33.4
40153,77153,36.5
41001,63855,48
41003,84074,33
41005,106216,41.5
41007,69890,44.2
41009,80855,43.3
41011,62178,48.6
41013,64440,47.5
41015,62649,56.3
41017,86719,42.4
41019,63042,47.1
41021,57569,50.1
41023,58025,52.9
41025,59279,45.9
41027,89693,39.3
41029,72849,42.6
41031,67220,40.8
41033,60155,47.7
41035,61268,42.2
41037,54245,48.6
41039,70956,39.4
41041,61968,51.6
41043,70148,39.6
41045,56286,36.1
41047,75666,36.6
41049,67972,38.9
41051,93639,37.2
41053,78277,37
41055,67208,51.4
41057,64604,48.1
41059,69219,36.5
41061,67736,40.2
41063,66631,52.6
41065,68193,40.8
41067,104153,36.7
41069,48248,59
41071,85495,38.3
42001,80678,43.9
42003,86258,40.8
42005,64440,46.6
42007,72337,45.1
42009,62121,46.5
42011,82739,39.9
42013,65290,43.4
42015,68533,44.5
42017,118035,43.9
42019,92027,43.3
42021,60457,45.4
42023,51091,52
42025,70428,46.2
42027,80941,32.3
42029,135669,40.4
42031,60001,41.5
42033,60829,45
42035,64851,38.6
42037,65648,41
42039,64730,43.2
42041,90607,40.6
42043,80556,39.7
42045,105826,39
42047,65911,47.4
42049,68976,39.7
42051,64484,45
42053,48275,43.3
42055,78332,41.6
42057,64334,45.4
42059,70662,42.2
42061,64102,43.7
42063,66492,40.2
42065,60150,43.9
42067,67641,42.9
42069,71187,42.1
42071,84931,38.6
42073,67724,45.2
42075,74008,41
42077,86346,39.1
42079,69548,42.8
42081,68006,41.5
42083,64783,43.2
42085,65894,44.7
42087,62711,44
42089,80849,42.9
42091,125928,41.2
42093,82546,43.3
42095,90901,42.2
42097,62350,44.5
42099,76779,43.3
42101,68379,34.4
42103,84629,48.2
42105,58265,47.2
42107,65564,44.4
42109,72603,40.2
42111,62531,46.1
42113,64416,53.7
42115,73572,48.4
42117,63500,44.6
42119,79496,39.5
42121,63012,46.9
42123,64294,47.4
42125,85387,44.5
42127,70356,48.2
42129,78999,47
42131,72339,44.7
42133,82723,41
44001,117245,44.3
44003,93286,43.9
44005,108996,45.2
44007,78852,37.4
44009,107680,44.6
45001,53822,44.3
45003,68799,41
45005,43514,41.9
45007,68900,40.8
45009,47242,41.7
45011,48824,41.3
45013,95726,45.5
45015,79276,36.1
45017,61193,45.5
45019,95174,37.8
45021,51138,39.3
45023,54235,42
45025,53340,42.4
45027,57912,45.1
45029,51644,42.5
45031,56028,41.4
45033,45654,37.7
45035,79605,37
45037,70129,42.9
45039,55357,46.4
45041,66648,39.2
45043,73686,49.5
45045,82940,38.2
45047,60286,39.5
45049,45391,40
45051,67022,45.9
45053,63279,40.3
45055,63699,41.1
45057,79192,42.1
45059,58059,40.7
45061,48957,41.8
45063,79492,39.1
45065,59965,55.2
45067,49353,40.7
45069,45340,40.3
45071,61507,42
45073,71045,45.7
45075,51073,40.3
45077,65834,36.2
45079,76280,33.4
45081,60021,41.8
45083,69514,38.2
45085,59059,36.4
45087,54837,44
45089,44987,43
45091,87632,38.7
46003,88305,37.8
46005,66624,38.1
46007,58638,28.6
46009,65314,42.3
46011,72925,27
46013,77927,37
46015,79750,40.9
46017,41952,25.8
46019,64689,40.1
46021,70862,50.9
46023,62863,35.8
46025,75254,41.4
46027,74027,24.9
46029,69425,39.1
46031,55322,28.7
46033,73793,54.8
46035,72594,38.6
46037,66831,47.7
46039,73019,42.8
46041,58826,26.9
46043,75332,46.7
46045,85855,42.4
46047,60879,53.6
46049,65775,47
46051,72741,42.9
46053,60278,45.4
46055,60639,44.1
46057,78183,35
46059,71101,47.4
46061,73755,36.7
46063,77628,42.3
46065,77468,38
46067,71469,43
46069,73326,53.3
46071,44355,32.2
46073,92714,51.6
46075,55466,53.5
46077,76846,45.1
46079,84253,43.2
46081,71800,42.1
46083,110988,34.9
46085,62520,35.5
46087,73235,39.3
46089,63173,50.2
46091,76214,39.8
46093,70606,36.5
46095,42062,32.9
46097,64813,44
46099,77169,34.9
46101,80039,39.9
46102,45707,25.8
46103,76958,39
46105,75636,47.5
46107,73182,49.2
46109,67130,38.1
46111,78357,42.6
46115,84615,43.5
46117,97659,44.5
46119,91160,46.8
46121,37044,23.8
46123,64130,45.1
46125,72813,42
46127,98464,40
46129,76908,42.8
46135,75604,41.8
46137,52721,33.1
47001,68841,43.3
47003,67937,37.9
47005,51053,47.9
47007,59740,44.1
47009,75873,43.7
47011,68649,39.5
47013,57568,44.1
47015,65733,42
47017,55465,42.5
47019,52993,45.4
47021,72891,40.3
47023,61924,37.7
47025,50667,43.1
47027,46349,47.3
47029,49875,45.2
47031,66968,39.7
47033,60132,40.7
47035,58761,51
47037,86309,34.3
47039,58074,46.4
47041,62873,41.1
47043,70198,39.1
47045,67860,40.5
47047,84845,45.8
47049,47004,45.2
47051,71134,42.2
47053,57623,39.9
47055,62057,43.9
47057,58672,45
47059,60501,44.7
47061,54364,43.4
47063,58713,40.7
47065,78761,39.7
47067,55923,44.5
47069,51388,40.3
47071,59540,45.3
47073,57760,44.9
47075,51685,42
47077,56861,41.5
47079,56585,45.8
47081,62313,41.1
47083,56271,43.9
47085,61050,42
47087,48787,46.8
47089,65086,43.9
47091,54024,46
47093,80336,37.4
47095,55768,41.5
47097,50842,38.3
47099,56783,39.3
47101,52710,43.3
47103,66693,42.6
47105,77210,47.6
47107,58406,42.6
47109,51976,43.5
47111,57564,39.4
47113,66240,38.7
47115,61823,43.4
47117,65012,38.9
47119,74734,39.1
47121,59132,46
47123,56518,43.9
47125,71258,30.8
47127,75473,45
47129,57062,41.6
47131,54450,42.6
47133,52813,43
47135,72210,43.2
47137,54705,50.1
47139,60185,45.6
47141,60800,36.4
47143,57598,38.9
47145,73148,46.4
47147,79439,39
47149,82581,33.5
47151,51084,39.4
47153,58572,44.1
47155,63337,42.9
47157,76734,35.6
47159,75035,40.3
47161,58720,44.2
47163,66012,45.1
47165,89411,39.8
47167,78069,37.5
47169,64745,35.1
47171,52758,46.5
47173,61863,43
47175,52846,46.9
47177,56764,40
47179,69061,40.2
47181,54652,43
47183,54538,38.6
47185,55864,43.2
47187,149836,39.1
47189,93387,40.4
48001,56912,39.3
48003,92927,30.8
48005,63164,37.5
48007,75855,50.6
48009,83749,44.5
48011,83298,46
48013,72059,35.4
48015,78664,40.7
48017,65794,33.3
48019,73521,52.2
48021,82676,38.4
48023,52436,45.9
48025,63623,35.3
48027,71507,31
48029,78311,33.6
48031,92547,50.4
48033,88236,41.7
48035,67280,46.6
48037,71353,38
48039,100131,35.8
48041,73324,26.5
48043,63082,43.7
48045,55863,46.4
48047,41308,29.7
48049,69577,41.5
48051,75799,43.3
48053,81163,44.6
48055,73546,35.9
48057,72536,37.7
48059,62737,44.2
48061,55520,31.7
48063,60622,37.6
48065,89245,40.6
48067,57311,43.3
48069,62964,34.8
48071,102629,35.2
48073,62730,37.9
48075,61372,34.5
48077,71797,46.6
48079,58478,35.1
48081,54420,48.1
48083,63690,47.2
48085,123796,36.9
48087,62878,39.6
48089,73305,42.9
48091,104209,42.2
48093,63959,44.8
48095,67689,45.3
48097,78698,40.7
48099,66325,31.8
48101,45301,37.1
48103,79907,32.7
48105,62573,38.8
48107,51516,38.4
48109,46561,34.4
48111,83942,31.7
48113,88716,33.4
48115,61585,33.5
48117,62666,31.9
48119,70369,44.3
48121,113275,35.5
48123,82821,41
48125,59602,46
48127,50160,34.3
48129,60597,41.4
48131,49597,36.1
48133,61234,41.2
48135,83484,30.4
48137,59159,49.1
48139,96100,36.2
48141,62721,32.2
48143,74589,30.4
48145,50705,39
48147,72914,41.3
48149,76697,47
48151,65512,44.6
48153,59595,37.2
48155,62021,51.2
48157,125289,36.3
48159,76173,43.2
48161,69203,41.5
48163,67332,31.2
48165,79384,27.8
48167,98758,37.7
48169,72314,41.1
48171,82523,50
48173,105467,30.8
48175,77169,46.1
48177,76060,36.3
48179,66482,36.5
48181,72105,39.9
48183,69786,35.6
48185,77395,40.4
48187,89402,37
48189,60390,33.4
48191,53651,44.6
48193,70739,45.8
48195,55316,35.1
48197,55938,43.5
48199,80698,39.2
48201,91486,33.5
48203,73308,38.7
48205,73016,38.1
48207,49230,43.5
48209,89611,32
48211,93374,36.4
48213,66653,43.9
48215,58014,29.2
48217,69572,42.1
48219,64011,33.8
48221,89286,47
48223,70270,39.2
48225,51799,44.5
48227,73064,36.5
48229,46896,37
48231,70122,38
48233,66016,38
48235,66890,42.7
48237,67103,39.6
48239,75091,37.7
48241,64222,40.5
48243,57275,55.8
48245,71052,36.2
48247,48856,32.4
48249,62079,34.6
48251,81183,36.8
48253,67098,38.2
48255,89471,35.4
48257,86500,35.5
48259,130088,41.4
48261,39930,39.7
48263,73663,51
48265,78994,47.4
48267,72565,52.1
48269,66635,40
48271,49365,49.8
48273,59512,28.3
48275,60846,39.5
48277,60777,40.7
48279,59521,36.4
48281,75447,43.1
48283,69533,36.5
48285,79698,43.4
48287,70253,41.1
48289,75277,44.3
48291,68334,35.5
48293,59351,39.9
48295,76016,34.7
48297,71127,42.2
48299,85015,57.4
48301,105773,55.2
48303,73239,30.8
48305,65295,37.3
48307,58812,44.6
48309,69146,33.3
48311,92126,38.2
48313,69955,35.2
48315,58450,50.6
48317,91265,32.7
48319,69255,46.3
48321,64806,38.2
48323,53367,29.6
48325,82279,39
48327,51304,51.8
48329,110414,31.7
48331,65836,41.7
48333,66818,52.1
48335,73526,33.9
48337,68126,44.6
48339,115218,37.1
48341,67850,30.8
48343,55192,43
48345,65925,41.3
48347,63497,30.9
48349,65225,38.1
48351,54004,44.3
48353,64120,37.5
48355,74953,35.5
48357,68093,32.3
48359,84947,35.9
48361,77645,37.9
48363,66155,40.6
48365,68305,39.2
48367,100080,39.7
48369,68099,33.4
48371,68797,35.9
48373,65557,43.7
48375,60595,33.9
48377,38032,41.9
48379,71527,48.4
48381,87396,35.9
48383,79512,30
48385,48276,47.4
48387,52213,45.9
48389,65457,35.8
48391,61935,43.3
48393,81712,43.2
48395,67904,41.5
48397,122912,37.5
48399,61133,40.8
48401,72751,38.2
48403,57482,53
48405,55320,49.3
48407,60411,44.9
48409,74270,35.5
48411,64486,42.4
48413,61890,36.2
48415,69818,36.4
48417,60781,43
48419,57887,38
48421,82530,40.1
48423,77878,36.6
48425,79424,41
48427,47269,28.8
48429,64763,39.4
48431,73677,40.8
48433,62955,47.1
48435,66252,38.6
48437,54469,35.9
48439,92653,34.4
48441,71506,32.5
48443,53102,55.2
48445,62202,34.6
48447,61731,52.3
48449,62814,34.1
48451,75019,34.1
48453,108994,34.2
48455,58110,48.6
48457,56879,42.4
48459,68387,41.4
48461,65771,39.6
48463,56889,33.7
48465,62498,31.8
48467,74068,42.8
48469,78901,35.9
48471,57798,35.3
48473,81912,28.9
48475,73249,33.9
48477,84243,41.5
48479,63769,28.8
48481,67704,37.3
48483,65413,39.6
48485,63778,34.5
48487,59547,39.4
48489,47742,33
48491,105671,36.3
48493,96088,40.2
48495,71503,33.1
48497,82046,38.3
48499,70971,47.9
48501,80243,30.3
48503,67391,41.1
48505,60551,29.5
48507,41014,32.9
49001,66772,33
49003,75069,32.6
49005,74991,25.2
49007,60657,37.5
49009,80329,42.5
49011,99935,31.1
49013,72088,31.5
49015,63786,36.2
49017,66093,41.9
49019,61957,40.2
49021,67339,29.1
49023,73358,30.1
49025,65456,41.9
49027,75015,35.4
49029,110246,32.2
49031,57805,44.5
49033,77129,34.3
49035,96968,32.8
49037,59506,32.2
49039,67713,32.6
49041,66377,35.4
49043,156817,39.5
49045,82074,31.4
49047,81018,30.6
49049,93627,24.8
49051,110577,34
49053,80759,37.1
49055,55699,40.4
49057,80506,32.7
50001,84865,43.5
50003,80354,46.7
50005,69923,44.7
50007,94925,36.5
50009,55737,50.9
50011,78740,40.4
50013,92902,48.2
50015,86436,40.8
50017,73330,46.6
50019,62234,45.8
50021,71158,46.5
50023,80700,43.7
50025,71700,47.6
50027,80880,48
51001,63100,45.9
51003,113758,39.1
51005,62034,48.1
51007,79721,45.1
51009,66613,44.8
51011,71750,42.6
51013,154331,34.7
51015,76323,45.1
51017,61939,47.8
51019,82748,46.3
51021,61815,46.4
51023,88162,47.2
51025,54587,43.3
51027,45295,46.8
51029,56906,43.5
51031,64810,43
51033,82521,40.1
51035,58974,47.6
51036,83035,50.8
51037,54952,46.2
51041,101518,38.9
51043,105454,47
51045,65971,46.3
51047,93110,39.2
51049,59889,45.6
51051,57700,44.7
51053,75608,43.2
51057,62500,46.3
51059,157726,38
51061,124756,41.3
51063,62691,47.2
51065,101489,43.4
51067,73280,47.2
51069,93707,40.7
51071,63802,44.7
51073,83482,44.9
51075,134904,48.3
51077,50190,48.1
51079,82593,39.6
51081,57215,40.7
51083,56329,46.5
51085,108752,42.7
51087,97183,38.8
51089,50970,47.6
51091,63998,60.9
51093,91535,44.3
51095,111437,46.5
51097,76261,46.7
51099,107543,37.4
51101,79850,40.3
51103,83097,57.3
51105,48605,44.9
51107,167684,36.2
51109,84207,44.8
51111,53065,45.3
51113,78197,45.6
51115,81363,54.5
51117,59946,48.4
51119,70255,53.9
51121,78575,29
51125,82523,51.4
51127,101297,43.3
51131,64936,49
51133,80208,58.9
51135,67917,40.6
51137,82025,42
51139,62028,45.4
51141,54469,49.9
51143,61223,47.2
51145,104561,45.1
51147,62736,31.5
51149,88177,37
51153,127287,35.2
51155,65261,47
51157,101971,50.1
51159,62594,47.3
51161,87906,43.8
51163,73807,49
51165,79865,41.5
51167,51299,45.7
51169,53469,47.3
51171,69718,44.5
51173,50876,45
51175,68154,46.9
51177,106814,38.2
51179,127009,35.5
51181,70125,49.8
51183,60202,41
51185,57165,45.2
51187,84701,41.3
51191,64735,46.3
51193,75030,48.6
51195,52791,41.4
51197,64960,45.3
51199,108630,39.6
51510,135100,36.8
51520,53193,42.2
51530,55417,35.5
51540,93251,31.6
51550,97038,36.9
51570,68797,40.6
51580,57657,42.4
51590,51599,40.9
51595,46692,35.4
51600,138291,38.2
51610,181261,38.7
51620,53105,39.4
51630,89208,30.4
51640,53117,45
51650,72086,36.2
51660,65667,25.4
51670,53893,36.2
51678,57639,22.3
51680,63882,28.3
51683,97250,34.2
51685,107214,34.7
51690,53176,40.9
51700,68792,33.5
51710,72315,30.7
51720,48266,37.5
51730,53064,38.1
51735,104312,42.4
51740,63882,35.3
51750,56946,23.4
51760,76182,34
51770,60914,38.5
51775,78216,41.2
51790,69203,42.8
51800,92145,38
51810,96936,36.2
51820,62228,39.2
51830,89601,24.9
51840,78498,38.1
53001,65032,27.9
53003,70614,45
53005,87525,35.8
53007,79143,40.1
53009,67839,50.8
53011,95792,38.4
53013,81135,50.2
53015,71700,41.3
53017,82782,37.1
53019,60967,50.3
53021,79145,30.3
53023,60910,46.1
53025,71451,32.9
53027,66880,44
53029,86613,44.2
53031,76400,58.3
53033,128360,37
53035,93122,39.1
53037,70805,33.8
53039,72216,46.9
53041,67876,43.1
53043,67879,48.4
53045,72026,45.6
53047,59547,42.6
53049,58738,53.6
53051,64996,51
53053,90659,36.1
53055,94382,56.6
53057,84676,41.5
53059,77041,46.6
53061,105008,38
53063,76487,37.6
53065,66675,46.9
53067,87696,39
53069,71637,55.1
53071,76351,37.5
53073,80590,37.3
53075,60706,24.7
53077,69036,33
54001,56827,41.7
54003,75914,38.8
54005,52513,43.5
54007,54597,45.9
54009,60771,46.6
54011,58832,38.8
54013,50297,48.1
54015,45212,44.1
54017,65148,45.3
54019,52802,44.3
54021,51440,39.2
54023,54776,46.2
54025,55104,45.5
54027,58075,47.2
54029,58679,46.8
54031,66790,45.7
54033,70609,42.2
54035,62359,43.7
54037,96911,41.1
54039,66597,43.4
54041,57301,43.8
54043,54060,43.2
54045,53008,43.8
54047,37916,45
54049,64299,41.1
54051,63073,45.7
54053,59868,44.2
54055,51597,43.1
54057,61016,44.5
54059,47066,42.8
54061,79774,31.7
54063,53751,48
54065,67986,47.9
54067,53287,45.1
54069,75415,43.6
54071,55108,50.8
54073,78502,43.6
54075,57786,49.1
54077,65439,42.7
54079,80042,41.8
54081,60110,42.2
54083,61113,43.7
54085,59849,46.8
54087,53771,45.8
54089,48929,49.1
54091,61730,44.1
54093,56185,49.3
54095,60134,47
54097,57801,41.7
54099,53315,44.1
54101,48138,47.2
54103,55125,46
54105,54877,45.4
54107,65002,43.5
54109,55480,44.6
55001,59975,53.8
55003,56108,42
55005,69324,44.2
55007,69327,52.2
55009,80768,37.4
55011,69429,46.6
55013,65359,52.8
55015,89724,40.6
55017,74108,41.2
55019,68330,37.4
55021,83215,42.4
55023,66507,46.3
55025,96542,35.1
55027,73078,42.5
55029,82134,53
55031,67738,42.2
55033,72092,34.7
55035,75213,34.5
55037,70861,53.6
55039,76670,41.6
55041,57147,46.7
55043,66718,36
55045,80424,43.2
55047,69055,45.3
55049,81477,42.8
55051,56591,54.9
55053,64899,41.7
55055,79970,41.1
55057,69362,45.4
55059,82435,38.5
55061,74516,44.3
55063,79532,35.9
55065,70569,41.8
55067,61063,48.7
55069,69003,47.7
55071,68951,44.9
55073,81095,40.7
55075,62297,48.7
55077,63631,50
55078,63344,32
55079,69949,34.9
55081,72904,39.9
55083,72277,46.9
55085,77560,51.3
55087,82097,38.3
55089,120331,44
55091,70171,46.4
55093,87038,36.8
55095,72256,45.6
55097,76448,37
55099,60685,51.6
55101,79552,40.2
55103,64330,45.3
55105,70944,39.5
55107,57903,49
55109,100844,38.9
55111,74615,41.1
55113,69754,50.3
55115,69567,45.2
55117,75681,41.5
55119,65697,43.7
55121,70909,40.5
55123,65262,41.7
55125,68483,54.6
55127,80806,40
55129,64961,51.2
55131,95722,43.2
55133,114713,43.2
55135,73105,45.5
55137,68310,49.2
55139,77772,38.3
55141,71055,44.1
56001,68577,27.6
56003,63375,41.6
56005,91699,34
56007,71697,38.6
56009,81708,40
56011,74378,42.7
56013,73599,38.7
56015,68090,44.1
56017,66157,46.6
56019,81359,45.4
56021,85483,37
56023,80323,39.7
56025,80679,36.9
56027,54980,45.5
56029,82323,44.5
56031,77665,49.2
56033,80525,42.3
56035,92755,39.4
56037,85346,35.3
56039,132531,39.3
56041,74938,35.8
56043,65496,42.9
56045,68877,43.1
